time,theta,theta_dot,tau
0.0,0.1,0.0,0.0
0.02,0.09980484158627252,-0.019477025238252878,0.0
0.04,0.09922271567802278,-0.038684606178215494,0.0
0.06,0.09825973358742643,-0.05755081694758143,0.0
0.08,0.09692342531066717,-0.07600575636314777,0.0
0.1,0.09522269657782743,-0.09398179209052798,0.0
0.12,0.09316778111773229,-0.11141379473413247,0.0
0.14,0.09077018834668632,-0.12823936125699725,0.0
0.16,0.08804264670058591,-0.1443990271211993,0.0
0.18,0.08499904284215698,-0.15983646653126204,0.0
0.2,0.08165435698749933,-0.17449868015539632,0.0
0.22,0.07802459460867461,-0.18833616969477074,0.0
0.24,0.07412671478167826,-0.20130309867127616,0.0
0.26,0.06997855546166866,-0.21335743881129404,0.0
0.28,0.06559875597963766,-0.22446110141840314,0.0
0.3,0.06100667706661348,-0.23458005315307395,0.0
0.32,0.05622231872278712,-0.24368441567317253,0.0
0.34,0.05126623625942553,-0.25174854863611085,0.0
0.36,0.04615945485085251,-0.25875111562193653,0.0
0.38,0.04092338294191409,-0.2646751326063321,0.0
0.4,0.035579724862979986,-0.2695079986927897,0.0
0.42,0.03015039300946251,-0.2732415089031601,0.0
0.44,0.024657419945881158,-0.2758718489240201,0.0
0.46,0.01912287079551204,-0.2773995718112538,0.0
0.48,0.01356875627552185,-0.27782955676504945,0.0
0.5,0.008016946734118572,-0.27717095020015137,0.0
0.52,0.002489087540620565,-0.27543708944955436,0.0
0.54,-0.002993483828993844,-0.2726454095549571,0.0
0.56,-0.008409818675760166,-0.2688173336845851,0.0
0.58,-0.0137394356147583,-0.26397814787845947,0.0
0.6,-0.018962396454526912,-0.2581568608373861,0.0
0.62,-0.02405937912933006,-0.2513860496138649,0.0
0.64,-0.029011747412786594,-0.24370169212959894,0.0
0.66,-0.03380161715793448,-0.2351429874958595,0.0
0.68,-0.03841191883034253,-0.2257521651741947,0.0
0.7000000000000001,-0.04282645612177721,-0.21557428405317763,0.0
0.72,-0.047029960453741346,-0.204657022544349,0.0
0.74,-0.05100814120243745,-0.19305046081577698,0.0
0.76,-0.05474773149913185,-0.18080685628534476,0.0
0.78,-0.058236529482285575,-0.16798041348885578,0.0
0.8,-0.06146343489996783,-0.15462704942143085,0.0
0.8200000000000001,-0.06441848098280113,-0.14080415542573876,0.0
0.84,-0.06709286152885002,-0.12657035666877256,0.0
0.86,-0.0694789531623346,-0.11198527021164231,0.0
0.88,-0.07157033274773361,-0.09710926263571798,0.0
0.9,-0.07336178995967584,-0.08200320814489379,0.0
0.92,-0.0748493350269683,-0.06672824801916931,0.0
0.9400000000000001,-0.07603020168616971,-0.05134555225041864,0.0
0.96,-0.07690284539630178,-0.03591608414827084,0.0
0.98,-0.077466936881639,-0.020500368663375276,0.0
1.0,-0.07772335108408075,-0.0051582651376917855,0.0
1.02,-0.07767415162165148,0.010051254844282494,0.0
1.04,-0.07732257085459862,0.02507032384908893,0.0
1.06,-0.07667298569758037,0.03984238863576499,0.0
1.08,-0.07573088928901404,0.05431241322286383,0.0
1.1,-0.0745028586781803,0.06842707442322833,0.0
1.12,-0.07299651868113853,0.08213494928222378,0.0
1.1400000000000001,-0.07122050207324589,0.09538669387636611,0.0
1.16,-0.06918440629651977,0.10813521294328697,0.0
1.18,-0.06689874687039357,0.1203358198277349,0.0
1.2,-0.06437490770457722,0.13194638624297986,0.0
1.22,-0.06162508852258584,0.1429274813633424,0.0
1.24,-0.0586622496140021,0.15324249978248927,0.0
1.26,-0.055500054142627674,0.1628577778944658,0.0
1.28,-0.05215280824628256,0.1717426982808762,0.0
1.3,-0.04863539917204008,0.179869781718763,0.0
1.32,-0.044963231698040215,0.18721476645999532,0.0
1.34,-0.041152163099600673,0.1937566744746032,0.0
1.36,-0.037218436923034774,0.1994778643975486,0.0
1.3800000000000001,-0.03317861583528049,0.20436407097077858,0.0
1.4000000000000001,-0.02904951382104268,0.20840443082974267,0.0
1.42,-0.024848128001555572,0.2115914945453836,0.0
1.44,-0.02059157035020142,0.21392122489827042,0.0
1.46,-0.016296999580005966,0.21539298143023847,0.0
1.48,-0.011981553476417169,0.21600949138971878,0.0
1.5,-0.007662281945733128,0.21577680725887882,0.0
1.52,-0.0033560810450609865,0.21470425112270336,0.0
1.54,0.0009203717462264033,0.21280434621114153,0.0
1.56,0.005150680761366887,0.21009273601739034,0.0
1.58,0.009318793640601852,0.20658809143994017,0.0
1.6,0.013409060857970322,0.2023120065219972,0.0
1.62,0.01740629304856041,0.19728888331118463,0.0
1.6400000000000001,0.021295815932139906,0.19154580652193676,0.0
1.6600000000000001,0.02506352263306353,0.1851124086628378,0.0
1.6666666666666667,0.02506352263306353,0.1851124086628378,0.0
1.6866666666666668,0.028695923213375104,0.17802072635153507,0.0
1.7066666666666668,0.03218019125032041,0.17030504856835513,0.0
1.7266666666666668,0.035504207304767554,0.16200175762442484,0.0
1.7466666666666668,0.03865659914273666,0.15314916363787107,0.0
1.7666666666666668,0.04162677858823399,0.14378733332275356,0.0
1.7866666666666668,0.04440497490173623,0.13395791390012854,0.0
1.8066666666666669,0.04698226459485677,0.12370395293951078,0.0
1.8266666666666669,0.04935059760783515,0.11306971493257016,0.0
1.846666666666667,0.05150281979242366,0.1021004953898013,0.0
1.866666666666667,0.053432691658415354,0.09084243323583605,0.0
1.886666666666667,0.05513490335739274,0.07934232226074114,0.0
1.906666666666667,0.05660508589221789,0.0676474223637709,0.0
1.926666666666667,0.05783981855528979,0.05580527130331906,0.0
1.946666666666667,0.05883663261263139,0.04386349764287547,0.0
1.966666666666667,0.059594011264420134,0.031869635558223676,0.0
1.986666666666667,0.06011138592563307,0.019870942146409137,0.0
2.006666666666667,0.060389128883043236,0.007914217852573048,0.0
2.0266666666666673,0.06042854239693823,-0.003954369393181308,0.0
2.046666666666667,0.060231844328093066,-0.015689455760732794,0.0
2.0666666666666673,0.05980215037635774,-0.02724664827274365,0.0
2.086666666666667,0.05914345304547958,-0.03858268621807941,0.0
2.1066666666666674,0.05826059742850161,-0.0496555966964334,0.0
2.126666666666667,0.05715925394941909,-0.060424843827619173,0.0
2.1466666666666674,0.05584588818703821,-0.07085147115331764,0.0
2.166666666666667,0.05432772792259098,-0.08089823678726145,0.0
2.1866666666666674,0.05261272756041964,-0.09052974088890292,0.0
2.206666666666667,0.0507095300793385,-0.09971254505657082,0.0
2.2266666666666675,0.04862742668013771,-0.10841528325829543,0.0
2.246666666666667,0.046376314302100596,-0.11660876394212726,0.0
2.2666666666666675,0.043966651188312306,-0.124266062993341,0.0
2.286666666666667,0.04140941068592259,-0.13136260723358875,0.0
2.3066666666666675,0.03871603347332099,-0.1378762481871752,0.0
2.326666666666667,0.035898378411364076,-0.14378732587223628,0.0
2.3466666666666676,0.032968672220283574,-0.14907872240987508,0.0
2.366666666666667,0.029939458187676214,-0.1537359052821543,0.0
2.3866666666666676,0.026823544115950605,-0.15774696011023837,0.0
2.406666666666667,0.023633949719765443,-0.16110261286666408,0.0
2.4266666666666676,0.02038385368526084,-0.16379624148048935,0.0
2.446666666666667,0.01708654060325633,-0.16582387684051644,0.0
2.4666666666666677,0.013755347988000325,-0.16718419324954528,0.0
2.4866666666666672,0.010403613591521393,-0.16787848843116496,0.0
2.5066666666666677,0.007044623221103489,-0.167910653239458,0.0
2.5266666666666673,0.0036915592639223354,-0.16728713127059996,0.0
2.5466666666666677,0.0003574501184110696,-0.1660168686231489,0.0
2.5666666666666673,-0.0029448792738248426,-0.1641112541026209,0.0
2.586666666666668,-0.006202855605611616,-0.16158405019396152,0.0
2.6066666666666674,-0.009404203915737123,-0.1584513152176171,0.0
2.626666666666668,-0.012536992655114376,-0.15473131704056234,0.0
2.6466666666666674,-0.015589676948496091,-0.1504444388338328,0.0
2.666666666666668,-0.018551139895371146,-0.1456130773498823,0.0
2.6866666666666674,-0.0214107317659115,-0.14026153423875967,0.0
2.706666666666668,-0.024158306958124653,-0.1344159009443175,0.0
2.7266666666666675,-0.026784258593395182,-0.12810393774224185,0.0
2.746666666666668,-0.029279550639013985,-0.12135494749812195,0.0
2.7666666666666675,-0.031635747457981006,-0.11419964473617321,0.0
2.786666666666668,-0.03384504069827774,-0.10667002061765597,0.0
2.8066666666666675,-0.03590027344583268,-0.0987992044327495,0.0
2.826666666666668,-0.03779496157750227,-0.09062132221082007,0.0
2.8466666666666676,-0.0395233122624675,-0.08217135305202593,0.0
2.866666666666668,-0.04108023957246617,-0.07348498377826498,0.0
2.8866666666666676,-0.04246137717316507,-0.064598462494017,0.0
2.906666666666668,-0.04366308808069839,-0.05554845163791351,0.0
2.9266666666666676,-0.044682471478898436,-0.04637188109431937,0.0
2.946666666666668,-0.045517366604004995,-0.0371058019210579,0.0
2.9666666666666677,-0.04616635371461723,-0.027787241235056735,0.0
2.986666666666668,-0.04662875217533814,-0.01845305878230029,0.0
3.0066666666666677,-0.046904615692926845,-0.009139805702379834,0.0
3.026666666666668,-0.04699472475381539,0.000116414018785942,0.0
3.0466666666666677,-0.04690057632194504,0.00928007893213074,0.0
3.066666666666668,-0.0466243708624322,0.018316381882325476,0.0
3.086666666666668,-0.046168996774012344,0.027191357704959986,0.0
3.1066666666666682,-0.04553801230774181,0.03587200643063798,0.0
3.126666666666668,-0.044735625071882584,0.04432641159865279,0.0
3.1466666666666683,-0.043766669222275074,0.05252385329134803,0.0
3.166666666666668,-0.042636580447884764,0.06043491552293697,0.0
3.1866666666666683,-0.04135136886793379,0.06803158763604274,0.0
3.206666666666668,-0.039917589963760096,0.07528735937989717,0.0
3.2266666666666683,-0.03834231367485078,0.0821773093657546,0.0
3.246666666666668,-0.03663309179436406,0.08867818661767742,0.0
3.2666666666666684,-0.034797923804851666,0.09476848496063572,0.0
3.286666666666668,-0.03284522129981113,0.10042851001284621,0.0
3.3066666666666684,-0.030783771141093114,0.10564043857560142,0.0
3.326666666666668,-0.028622697506055058,0.11038837024147015,0.0
3.3333333333333335,-0.028622697506055058,0.11038837024147015,0.0
3.3533333333333335,-0.02637142298164153,0.11465837107074933,0.0
3.3733333333333335,-0.024039628865278957,0.11843850921631038,0.0
3.3933333333333335,-0.021637214834551867,0.12171888240847967,0.0
3.4133333333333336,-0.01917425814907414,0.12449163724415455,0.0
3.4333333333333336,-0.016660972548749743,0.1267509802578452,0.0
3.4533333333333336,-0.014107667012723075,0.12849318078653246,0.0
3.4733333333333336,-0.011524704542734986,0.12971656567491274,0.0
3.4933333333333336,-0.008922461133320174,0.13042150590250123,0.0
3.5133333333333336,-0.0063112850893036095,0.13061039524890014,0.0
3.5333333333333337,-0.003701456848381842,0.13028762114801534,0.0
3.5533333333333337,-0.0011031494632198907,0.12945952791581883,0.0
3.5733333333333337,0.0014736101066425958,0.12813437256993415,0.0
3.5933333333333337,0.004018978746662746,0.12632227348508349,0.0
3.6133333333333337,0.006523333844125304,0.12403515217609233,0.0
3.6333333333333337,0.008977308713215022,0.12128666849894651,0.0
3.6533333333333338,0.011371826661709812,0.11809214961628069,0.0
3.673333333333334,0.013698133577432303,0.11446851307987155,0.0
3.693333333333334,0.015947828920674638,0.11043418441037649,0.0
3.713333333333334,0.0181128950164974,0.1060090095729033,0.0
3.733333333333334,0.020185724548945932,0.10121416276363535,0.0
3.753333333333334,0.0221591461676766,0.09607204993677369,0.0
3.773333333333334,0.02402644812618933,0.09060620851249238,0.0
3.793333333333334,0.025781399879769743,0.084841203715473,0.0
3.813333333333334,0.027418271580303244,0.07880252199995938,0.0
3.833333333333334,0.028931851414285944,0.07251646202125261,0.0
3.853333333333334,0.03031746073957657,0.06601002361527557,0.0
3.873333333333334,0.031570966985665146,0.05931079524741602,0.0
3.893333333333334,0.03268879429143779,0.05244684038946813,0.0
3.913333333333334,0.03366793186355429,0.04544658327929636,0.0
3.933333333333334,0.03450594004759169,0.03833869451201312,0.0
3.953333333333334,0.03520095411301254,0.031151976904156567,0.0
3.973333333333334,0.035751685761761624,0.023915252063735477,0.0
3.993333333333334,0.03615742237885672,0.016657248089220287,0.0
4.013333333333334,0.03641802405169359,0.009406488809735738,0.0
4.033333333333334,0.036533918392914685,0.0021911849669616675,0.0
4.053333333333335,0.036506093210141415,-0.004960872274077006,0.0
4.073333333333334,0.03633608706952647,-0.012022415106310436,0.0
4.093333333333334,0.03602597781939219,-0.018966799804243095,0.0
4.113333333333334,0.03557836912728454,-0.02576810402996316,0.0
4.133333333333335,0.034996375110610004,-0.032401220401291564,0.0
4.153333333333334,0.034283603135390334,-0.03884194600353577,0.0
4.173333333333334,0.03344413486783625,-0.045067067547615476,0.0
4.193333333333334,0.03248250566864775,-0.05105444189401061,0.0
4.213333333333335,0.03140368242538028,-0.056783071680021176,0.0
4.233333333333334,0.030213039923279648,-0.062233175806596756,0.0
4.253333333333334,0.02891633585966977,-0.06738625456051676,0.0
4.273333333333334,0.027519684611260167,-0.07222514916800465,0.0
4.293333333333335,0.026029529867608404,-0.07673409559694791,0.0
4.313333333333334,0.024452616247411824,-0.0808987724467646,0.0
4.333333333333334,0.02279596001729741,-0.08470634278758843,0.0
4.353333333333334,0.021066819035312923,-0.0881454898338067,0.0
4.373333333333335,0.019272662043381884,-0.0912064463610231,0.0
4.393333333333334,0.017421137434557987,-0.09388101780015426,0.0
4.413333333333334,0.015520041621990286,-0.09616259896751365,0.0
4.4333333333333345,0.013577287137078623,-0.09804618441528065,0.0
4.453333333333335,0.01160087058435236,-0.09952837241256661,0.0
4.4733333333333345,0.009598840580141823,-0.10060736259322846,0.0
4.493333333333334,0.007579265801130363,-0.10128294733248906,0.0
4.5133333333333345,0.005550203267376099,-0.10155649694013821,0.0
4.533333333333335,0.003519666982382022,-0.10143093878343584,0.0
4.553333333333335,0.00149559705028159,-0.10091073047764419,0.0
4.573333333333334,-0.0005141706127931131,-0.10000182730620549,0.0
4.593333333333335,-0.002501933859742497,-0.09871164405689345,0.0
4.613333333333335,-0.004460153075237635,-0.09704901147464512,0.0
4.633333333333335,-0.006381479017374978,-0.09502412757622758,0.0
4.653333333333334,-0.008258779634429511,-0.09264850405216433,0.0
4.673333333333335,-0.010085165763711901,-0.08993490803911025,0.0
4.693333333333335,-0.011854015621688899,-0.08689729953861959,0.0
4.713333333333335,-0.013558998001424849,-0.08355076478124909,0.0
4.733333333333334,-0.015194094099340924,-0.07991144584709678,0.0
4.753333333333335,-0.0167536178996294,-0.07599646686545249,0.0
4.773333333333335,-0.018232235051215694,-0.07182385712605956,0.0
4.793333333333335,-0.019624980178894295,-0.0674124714425622,0.0
4.813333333333334,-0.02092727257714214,-0.06278190811506133,0.0
4.833333333333335,-0.022134930242100715,-0.05795242484335583,0.0
4.853333333333335,-0.023244182204283113,-0.052944852945456505,0.0
4.873333333333335,-0.02425167913167077,-0.04778051023739322,0.0
4.893333333333334,-0.025154502179986292,-0.04248111293026366,0.0
4.913333333333335,-0.0259501700740352,-0.03706868689897226,0.0
4.933333333333335,-0.026636644411072476,-0.03156547867426188,0.0
4.953333333333335,-0.027212333184142682,-0.02599386650553791,0.0
4.9733333333333345,-0.027676092530241333,-0.020376271836710147,0.0
4.993333333333335,-0.028027226714927796,-0.014735071530908719,0.0
5.0,-0.028027226714927796,-0.014735071530908719,0.8
5.02,-0.028106070457049062,0.006817349161491897,0.8
5.039999999999999,-0.027756140131702828,0.028128720848925898,0.8
5.059999999999999,-0.026983067417560718,0.049118291656113824,0.8
5.079999999999998,-0.02579407896534949,0.06970736500843021,0.8
5.099999999999998,-0.0241979524249092,0.08981958385646627,0.8
5.119999999999997,-0.02220496690729862,0.10938120364222417,0.8
5.139999999999997,-0.019826848104972577,0.12832135322941066,0.8
5.159999999999997,-0.01707670832004106,0.14657228303802694,0.8
5.179999999999996,-0.013968981664141412,0.1640695996214926,0.8
5.199999999999996,-0.010519354708689518,0.18075248592483667,0.8
5.219999999999995,-0.006744692879482371,0.1965639064654216,0.8
5.239999999999995,-0.002662962904725343,0.21145079668569267,0.8
5.2599999999999945,0.00170684835957242,0.2253642357428445,0.8
5.279999999999994,0.006344818387752865,0.23825960202953367,0.8
5.299999999999994,0.011230176378020373,0.25009671072445844,0.8
5.319999999999993,0.01634139320554996,0.2608399328128634,0.8
5.339999999999993,0.02165627357216448,0.27045829492341816,0.8
5.359999999999992,0.02715204995385891,0.27892555955672615,0.8
5.379999999999992,0.03280547795382036,0.2862202852760629,0.8
5.3999999999999915,0.0385929326563134,0.29232586656158976,0.8
5.419999999999991,0.04449050557258666,0.2972305531360728,0.8
5.439999999999991,0.050474101767309744,0.3009274486907843,0.8
5.45999999999999,0.05651953675389337,0.30341448906837326,0.8
5.47999999999999,0.06260263274950721,0.30469440009271187,0.8
5.499999999999989,0.06869931388576576,0.3047746353714976,0.8
5.519999999999989,0.07478569997892688,0.30366729453299723,0.8
5.5399999999999885,0.0808381984740092,0.3013890224910232,0.8
5.559999999999988,0.08683359419039954,0.2979608904593411,0.8
5.579999999999988,0.09274913651215005,0.2934082595556698,0.8
5.599999999999987,0.0985626236840728,0.28776062794393636,0.8
5.619999999999987,0.10425248389469488,0.2810514625594763,0.8
5.639999999999986,0.10979785284887497,0.27331801654376475,0.8
5.659999999999986,0.11517864755610542,0.26460113358179754,0.8
5.6799999999999855,0.12037563608491769,0.25494504038560645,0.8
5.699999999999985,0.1253705030590443,0.24439712860125512,0.8
5.719999999999985,0.13014591069673967,0.2330077274341315,0.8
5.739999999999984,0.1346855552206002,0.22082986828898088,0.8
5.759999999999984,0.13897421849104388,0.20791904270786563,0.8
5.779999999999983,0.14299781474202725,0.19433295486240743,0.8
5.799999999999983,0.14674343232233403,0.18013126981788466,0.8
5.8199999999999825,0.15019937036964906,0.16537535873787965,0.8
5.839999999999982,0.15335517036744586,0.15012804214122938,0.8
5.859999999999982,0.156201642556332,0.13445333226016182,0.8
5.879999999999981,0.15873088719181075,0.11841617548185424,0.8
5.899999999999981,0.16093631065938147,0.10208219578735225,0.8
5.91999999999998,0.16281263647549774,0.0855174400338497,0.8
5.93999999999998,0.16435591121915974,0.06878812586059618,0.8
5.9599999999999795,0.1655635054538967,0.05196039293680674,0.8
5.979999999999979,0.16643410971368555,0.03510005821326696,0.8
5.999999999999979,0.16696772563907142,0.018272375788945874,0.8
6.019999999999978,0.16716565236153588,0.0015418019606210087,0.8
6.039999999999978,0.1670304682460564,-0.015028234013499732,0.8
6.059999999999977,0.16656600810577118,-0.03137555292478629,0.8
6.079999999999977,0.1657773360317421,-0.04743944193414594,0.8
6.0999999999999766,0.16467071395818336,-0.06316086370797405,0.8
6.119999999999976,0.16325356612509848,-0.07848265792461288,0.8
6.139999999999976,0.16153443959006467,-0.09334973468438384,0.8
6.159999999999975,0.15952296095661955,-0.10770925936191726,0.8
6.179999999999975,0.1572297894950665,-0.12151082843360501,0.8
6.199999999999974,0.15466656684091917,-0.13470663580678194,0.8
6.219999999999974,0.15184586346573695,-0.14725162917109025,0.8
6.239999999999974,0.1487811221247434,-0.15910365588785533,0.8
6.259999999999973,0.14548659849532664,-0.1702235979316122,0.8
6.279999999999973,0.14197729923022007,-0.18057549540047443,0.8
6.299999999999972,0.1382689176587583,-0.19012665812000556,0.8
6.319999999999972,0.13437776737897766,-0.1988477648796242,0.8
6.339999999999971,0.1303207139923473,-0.20671294986213015,0.8
6.359999999999971,0.12611510524142444,-0.21369987585622735,0.8
6.379999999999971,0.12177869981857171,-0.2197897938792357,0.8
6.39999999999997,0.11732959512088864,-0.22496758888256813,0.8
6.41999999999997,0.11278615423253936,-0.22922181126578034,0.8
6.439999999999969,0.10816693242054763,-0.2325446939856125,0.8
6.459999999999969,0.10349060343373934,-0.23493215511373358,0.8
6.4799999999999685,0.09877588589671693,-0.23638378576996305,0.8
6.499999999999968,0.09404147009144372,-0.23690282343549682,0.8
6.519999999999968,0.08930594541811811,-0.23649611073187882,0.8
6.539999999999967,0.08458772882447194,-0.2351740398348102,0.8
6.559999999999967,0.07990499448840424,-0.23295048277598934,0.8
6.579999999999966,0.07527560503296124,-0.22984270796962758,0.8
6.599999999999966,0.07071704454512157,-0.22587128338171414,0.8
6.6199999999999655,0.06624635366069684,-0.2210599668382062,0.8
6.639999999999965,0.061880066966989694,-0.2154355840418949,0.8
6.659999999999965,0.05763415296276666,-0.20902789493568796,0.8
6.666666666666667,0.05763415296276666,-0.20902789493568796,0.8
6.6866666666666665,0.05352395680172165,-0.20186944911155505,0.8
6.706666666666666,0.049564146031065584,-0.1939954310186945,0.8
6.726666666666666,0.04576865952132699,-0.18544349577108724,0.8
6.746666666666665,0.04215065976704594,-0.17625359639319518,0.8
6.766666666666665,0.03872248872095006,-0.1664678033730342,0.8
6.786666666666664,0.03549562730657934,-0.15613011741429358,0.8
6.806666666666664,0.03248065873633339,-0.1452862762938546,0.8
6.8266666666666636,0.02968723574370266,-0.13398355673840942,0.8
6.846666666666663,0.02712405182015435,-0.12227057223446329,0.8
6.866666666666663,0.02479881652890389,-0.11019706768048923,0.8
6.886666666666662,0.022718234949727606,-0.09781371177914495,0.8
6.906666666666662,0.020887991291161347,-0.08517188805205098,0.8
6.926666666666661,0.019312736688965746,-0.0723234853404761,0.8
6.946666666666661,0.01799608119268862,-0.059320688633175425,0.8
6.966666666666661,0.016940589925570074,-0.046215771038327226,0.8
6.98666666666666,0.016147783386953014,-0.03306088769070132,0.8
7.00666666666666,0.015618141850805421,-0.01990787235845737,0.8
7.026666666666659,0.015351113798944025,-0.0068080374868087525,0.8
7.046666666666659,0.015345128312224506,0.006188021612513233,0.8
7.066666666666658,0.01559761133411488,0.01903061773800452,0.8
7.086666666666658,0.016105005696021652,0.03167115729251021,0.8
7.106666666666658,0.016862794791821067,0.044062319664198865,0.8
7.126666666666657,0.017865529778604453,0.05615822987963157,0.8
7.146666666666657,0.01910686015475979,0.0679146239640619,0.8
7.166666666666656,0.02057956756856881,0.07928900645091727,0.8
7.186666666666656,0.022275602694100647,0.09024079951676896,0.8
7.2066666666666555,0.024186125001892798,0.10073148324459333,0.8
7.226666666666655,0.026301545242253494,0.11072472654712023,0.8
7.246666666666655,0.028611570449959364,0.12018650831275227,0.8
7.266666666666654,0.03110525127069556,0.12908522836928443,0.8
7.286666666666654,0.03377103140183728,0.13739180789577185,0.8
7.306666666666653,0.03659679893315124,0.1450797789506361,0.8
7.326666666666653,0.039569939366758344,0.15212536282464084,0.8
7.3466666666666525,0.042677390090300554,0.1585075369707829,0.8
7.366666666666652,0.04590569607275397,0.16420809030941425,0.8
7.386666666666652,0.04924106654878216,0.16921166675591046,0.8
7.406666666666651,0.05266943245498087,0.17350579686969408,0.8
7.426666666666651,0.05617650437987498,0.17708091757707797,0.8
7.44666666666665,0.059747830789129076,0.17993037997578096,0.8
7.46666666666665,0.06336885628815458,0.182050445285576,0.8
7.4866666666666495,0.0670249796861576,0.18344026906677438,0.8
7.506666666666649,0.07070161162867859,0.18410187388549448,0.8
7.526666666666649,0.07438423156982142,0.18404011066124104,0.8
7.546666666666648,0.07805844386063493,0.18326260898754404,0.8
7.566666666666648,0.08171003273646116,0.1817797167695995,0.8
7.586666666666647,0.08532501599345292,0.17960442957336278,0.8
7.606666666666647,0.08888969715283106,0.17675231012776133,0.8
7.6266666666666465,0.0923907159207251,0.17324139846507075,0.8
7.646666666666646,0.09581509676154074,0.1690921132235687,0.8
7.666666666666646,0.099150295413631,0.16432714467096157,0.8
7.686666666666645,0.10238424318752132,0.15897134003649332,0.8
7.706666666666645,0.10550538889894748,0.15305158176391268,0.8
7.726666666666644,0.10850273830140865,0.14659665931652746,0.8
7.746666666666644,0.11136589089570934,0.1396371351794487,0.8
7.7666666666666435,0.11408507400696279,0.13220520571295982,0.8
7.786666666666643,0.11665117403265514,0.12433455751497023,0.8
7.806666666666643,0.11905576477853115,0.11606021995004379,0.8
7.826666666666642,0.12129113281217307,0.1074184144979181,0.8
7.846666666666642,0.12335029977712574,0.09844640156619626,0.8
7.866666666666641,0.12522704162320547,0.08918232540048349,0.8
7.886666666666641,0.12691590472115918,0.07966505771117012,0.8
7.9066666666666405,0.12841221884206486,0.06993404061985015,0.8
7.92666666666664,0.1297121069937487,0.06002912951052424,0.8
7.94666666666664,0.13081249211800824,0.04999043635176123,0.8
7.966666666666639,0.1317111006635596,0.039858174036336624,0.8
7.986666666666639,0.13240646306035672,0.02967250226493931,0.8
8.00666666666664,0.132897911131265,0.01947337548068846,0.8
8.026666666666639,0.1331855724870095,0.00930039334171863,0.8
8.046666666666638,0.13327036195987405,-0.0008073457998297659,0.8
8.066666666666638,0.13315397014139313,-0.01081138796307569,0.8
8.086666666666638,0.13283884909400798,-0.02067406271039056,0.8
8.106666666666637,0.1323281953274913,-0.03035861802176975,0.8
8.126666666666637,0.1316259301184491,-0.039829350456127864,0.8
8.146666666666636,0.13073667727979058,-0.0490517302259452,0.8
8.166666666666636,0.1296657384821178,-0.057992520811103475,0.8
8.186666666666635,0.1284190662404102,-0.06661989275766945,0.8
8.206666666666635,0.1270032346857299,-0.07490353132162056,0.8
8.226666666666635,0.1254254082483218,-0.08281473763283823,0.8
8.246666666666634,0.12369330838481689,-0.09032652307070296,0.8
8.266666666666634,0.12181517848825367,-0.09741369655959015,0.8
8.286666666666633,0.11979974712528547,-0.10405294451075792,0.8
8.306666666666633,0.11765618975021887,-0.11022290315677732,0.8
8.326666666666632,0.11539408905039439,-0.11590422304598452,0.8
8.333333333333334,0.11539408905039439,-0.11590422304598452,0.8
8.353333333333333,0.11302339408184302,-0.12107962548759574,0.8
8.373333333333333,0.11055437835809118,-0.12573395076322497,0.8
8.393333333333333,0.10799759705840474,-0.129854197947634,0.8
8.413333333333332,0.10536384352461843,-0.1334295562106154,0.8
8.433333333333332,0.10266410521795236,-0.13645142750289307,0.8
8.453333333333331,0.09990951930883471,-0.1389134405616952,0.8
8.473333333333331,0.09711132807369557,-0.14081145620602015,0.8
8.49333333333333,0.09428083427294087,-0.14214356392734806,0.8
8.51333333333333,0.09142935668383412,-0.14291006981835624,0.8
8.53333333333333,0.08856818596078773,-0.14311347591976115,0.8
8.55333333333333,0.08570854099358387,-0.1427584511033757,0.8
8.573333333333329,0.08286152593130273,-0.1418517936474688,0.8
8.593333333333328,0.0800380880362374,-0.14040238569815824,0.8
8.613333333333328,0.0772489765278285,-0.13842113984747675,0.8
8.633333333333328,0.07450470257167988,-0.13592093809454525,0.8
8.653333333333327,0.07181550056304088,-0.13291656349061268,0.8
8.673333333333327,0.06919129084779807,-0.12942462480124375,0.8
8.693333333333326,0.06664164401704481,-0.12546347454935936,0.8
8.713333333333326,0.06417574690373895,-0.12105312083089703,0.8
8.733333333333325,0.06180237040186373,-0.11621513332035019,0.8
8.753333333333325,0.05952983921992984,-0.11097254390619242,0.8
8.773333333333325,0.05736600367165272,-0.1053497424160817,0.8
8.793333333333324,0.05531821359726684,-0.09937236790869423,0.8
8.813333333333324,0.053393294499256644,-0.09306719602303742,0.8
8.833333333333323,0.0515975259663516,-0.0864620228871525,0.8
8.853333333333323,0.04993662244950777,-0.07958554609630222,0.8
8.873333333333322,0.04841571644333814,-0.07246724327613868,0.8
8.893333333333322,0.04703934411611204,-0.0651372487490856,0.8
8.913333333333322,0.04581143342107323,-0.05762622882239348,0.8
8.933333333333321,0.044735294711474465,-0.04996525621419578,0.8
8.95333333333332,0.04381361387143946,-0.04218568412958195,0.8
8.97333333333332,0.0430484479645828,-0.034319020492382446,0.8
8.99333333333332,0.04244122339228323,-0.02639680283020346,0.8
9.01333333333332,0.04199273654365044,-0.018450474300418997,0.8
9.033333333333319,0.04170315690958267,-0.010511261333476478,0.8
9.053333333333319,0.0415720326239102,-0.0026100533571345765,0.8
9.073333333333318,0.04159829838486985,0.005222714949571894,0.8
9.093333333333318,0.04178028570564171,0.01295717843340685,0.8
9.113333333333317,0.04211573542111543,0.020564152868594986,0.8
9.133333333333317,0.042601812391668416,0.028015242566974463,0.8
9.153333333333316,0.04323512231501937,0.03528294382522034,0.8
9.173333333333316,0.04401173056293366,0.042340743841512984,0.8
9.193333333333316,0.044927182948087355,0.049163214759295484,0.8
9.213333333333315,0.04597652832037689,0.05572610251624219,0.8
9.233333333333315,0.04715434288574331,0.06200641019869431,0.8
9.253333333333314,0.048454756134814765,0.06798247562490597,0.8
9.273333333333314,0.04987147826337628,0.07363404290448007,0.8
9.293333333333313,0.05139782896187178,0.07894232774634591,0.8
9.313333333333313,0.053026767446847714,0.08389007631351632,0.8
9.333333333333313,0.05475092360347847,0.08846161744961945,0.8
9.353333333333312,0.05656263010508825,0.09264290812977413,0.8
9.373333333333312,0.05845395537291724,0.09642157201668919,0.8
9.393333333333311,0.06041673723728616,0.09978693103181807,0.8
9.413333333333311,0.062442617159803926,0.10273002988087264,0.8
9.43333333333331,0.06452307487534707,0.10524365350285214,0.8
9.45333333333331,0.06664946331222345,0.10732233744181828,0.8
9.47333333333331,0.06881304364921831,0.10896237117076761,0.8
9.49333333333331,0.07100502036910852,0.11016179442692971,0.8
9.513333333333309,0.07321657616971383,0.11092038664745264,0.8
9.533333333333308,0.07543890659562555,0.11123964962352062,0.8
9.553333333333308,0.07766325425639856,0.11112278351927331,0.8
9.573333333333307,0.07988094250019522,0.11057465642925611,0.8
9.593333333333307,0.08208340841560854,0.10960176767432703,0.8
9.613333333333307,0.0842622350386412,0.10821220506079025,0.8
9.633333333333306,0.0864091826465483,0.10641559635084775,0.8
9.653333333333306,0.0885162190254331,0.10422305521410344,0.8
9.673333333333305,0.09057554860408085,0.10164712194969074,0.8
9.693333333333305,0.09257964035249006,0.09870169928651566,0.8
9.713333333333305,0.0945212543498726,0.09540198358503504,0.8
9.733333333333304,0.0963934669335052,0.09176439177787138,0.8
9.753333333333304,0.09818969434668207,0.08780648439837703,0.8
9.773333333333303,0.0999037148111018,0.08354688505600494,0.8
9.793333333333303,0.10152968895627901,0.07900519672504942,0.8
9.813333333333302,0.10306217854596315,0.07420191521904308,0.8
9.833333333333302,0.10449616344903387,0.0691583402269088,0.8
9.853333333333302,0.10582705680988684,0.06389648428896405,0.8
9.873333333333301,0.10705071838089222,0.05843898009116645,0.8
9.8933333333333,0.10816346598706474,0.05280898645469648,0.8
9.9133333333333,0.10916208510060123,0.04703009339522348,0.8
9.9333333333333,0.11004383651039017,0.04112622662212724,0.8
9.9533333333333,0.11080646207895177,0.03512155184268154,0.8
9.973333333333299,0.11144818858650615,0.029040379229878868,0.8
9.993333333333299,0.11196772966896937,0.022907068405307113,0.8
10.0,0.11196772966896937,0.022907068405307113,-1.2246467991473533e-15
10.02,0.11220486964194173,0.0008360126016886855,-1.2246467991473533e-15
10.04,0.11200261299711367,-0.021018675153581818,0.06266661678215055
10.059999999999999,0.11137860389386628,-0.041328102425667215,0.12434494358242895
10.079999999999998,0.1103641959983635,-0.060048512800135026,0.18406227634234015
10.099999999999998,0.1089913586260723,-0.07716207324687716,0.2408768370508553
10.119999999999997,0.10729216622411926,-0.09267606444498273,0.2938926261462341
10.139999999999997,0.10529830787808643,-0.10662168917267445,0.3422735529643445
10.159999999999997,0.10304062426040872,-0.11905252117763804,0.3852566213878945
10.179999999999996,0.10054867893319132,-0.13004262245168452,0.42216396275100726
10.199999999999996,0.09785037030859514,-0.139684361932303,0.4524135262330094
10.219999999999995,0.09497158986323387,-0.14808597325499206,0.4755282581475775
10.239999999999995,0.09193593141003652,-0.15536889320412836,0.491143625364344
10.259999999999994,0.08876445536402582,-0.16166492588484974,0.4990133642141359
10.279999999999994,0.0854755110110449,-0.16711328030278558,0.49901336421413595
10.299999999999994,0.08208461881533884,-0.17185753094339537,0.4911436253643455
10.319999999999993,0.07860441379861585,-0.17604255205250147,0.47552825814757554
10.339999999999993,0.07504465000590192,-0.17981147661286412,0.4524135262330097
10.359999999999992,0.0714122650585681,-0.18330273048147677,0.42216396275100954
10.379999999999992,0.06771150279875408,-0.18664719080637787,0.38525662138789496
10.399999999999991,0.06394409106813435,-0.1899655157021051,0.3422735529643424
10.419999999999991,0.06010947075310231,-0.19336568926493358,0.29389262614623757
10.43999999999999,0.05620507138267446,-0.19694082240083188,0.24087683705085594
10.45999999999999,0.05222662779835189,-0.20076724568024334,0.18406227634234082
10.47999999999999,0.04816853173913762,-0.20490292559422302,0.12434494358242623
10.49999999999999,0.04402421161072423,-0.20938623024490793,0.06266661678215481
10.519999999999989,0.03978653324471509,-0.21423506474601314,-4.904777002955296e-16
10.539999999999988,0.03544821410901569,-0.2194463905283134,-0.06266661678214873
10.559999999999988,0.031002243209730093,-0.224996136437692,-0.12434494358242718
10.579999999999988,0.026442298831553492,-0.23083950307922255,-0.18406227634234174
10.599999999999987,0.021763156299283812,-0.2369116554014113,-0.2408768370508568
10.619999999999987,0.0169610781071678,-0.2431287921319406,-0.2938926261462326
10.639999999999986,0.012034179052811171,-0.24938957447064575,-0.34227355296434314
10.659999999999986,0.0069827594237902284,-0.2555768905152294,-0.3852566213878956
10.679999999999986,0.001809599811449277,-0.26155992633486363,-0.42216396275100626
10.699999999999985,-0.0034797882405277003,-0.26719650951040325,-0.4524135262330101
10.719999999999985,-0.008876960816455693,-0.2723356863700633,-0.47552825814757804
10.739999999999984,-0.014370393684047845,-0.27682049030502354,-0.49114362536434436
10.759999999999984,-0.019945391189782558,-0.280490855137171,-0.49901336421413556
10.779999999999983,-0.025584054409146514,-0.28318662515944043,-0.49901336421413583
10.799999999999983,-0.03126530998384725,-0.28475061165262777,-0.4911436253643452
10.819999999999983,-0.036965000063994294,-0.2850316448155449,-0.4755282581475772
10.839999999999982,-0.04265603275114487,-0.28388756998440173,-0.45241352623300896
10.859999999999982,-0.04830859142316063,-0.28118813780816754,-0.42216396275100865
10.879999999999981,-0.053890400331079724,-0.2768177396743527,-0.3852566213878984
10.89999999999998,-0.05936704290815813,-0.270677942117776,-0.34227355296434114
10.91999999999998,-0.06470232833767095,-0.26268977715118164,-0.29389262614623624
10.93999999999998,-0.06985870110378678,-0.25279574937349825,-0.2408768370508607
10.95999999999998,-0.074797687512339,-0.2409615252673772,-0.18406227634233924
10.979999999999979,-0.07948037252756082,-0.2271772752082751,-0.12434494358242457
10.999999999999979,-0.0838678997369799,-0.21145864427840347,-0.0626666167821531
11.019999999999978,-0.08792198683787487,-0.19384733390852735,-4.899825157862589e-15
11.039999999999978,-0.09160544874108312,-0.17441128255246996,0.06266661678215044
11.059999999999977,-0.09488272021547717,-0.1532444399254626,0.12434494358242884
11.079999999999977,-0.09772036995091049,-0.13046613570190974,0.18406227634233674
11.099999999999977,-0.10008759799860407,-0.10622004986874276,0.24087683705085833
11.119999999999976,-0.10195670875355796,-0.0806727980718565,0.293892626146234
11.139999999999976,-0.10330355196955493,-0.05401215118786161,0.34227355296434436
11.159999999999975,-0.10410792473795041,-0.026444913923343517,0.3852566213878967
11.179999999999975,-0.10435392790951908,0.0018055075798552936,0.4221639627510072
11.199999999999974,-0.10403027108687582,0.030501814433723132,0.4524135262330078
11.219999999999974,-0.10313052104296982,0.059395761059226684,0.4755282581475764
11.239999999999974,-0.10165328926181318,0.08823129604637388,0.4911436253643447
11.259999999999973,-0.09960235513770521,0.11674785212706748,0.49901336421413567
11.279999999999973,-0.09698672234979278,0.14468373717313704,0.4990133642141357
11.299999999999972,-0.09382060688337486,0.17177957631000584,0.49114362536434486
11.319999999999972,-0.09012335618715314,0.1977817541458151,0.47552825814757665
11.339999999999971,-0.0859192999784671,0.22244580572977815,0.4524135262330113
11.359999999999971,-0.08123753423294489,0.2455397052085072,0.4221639627510077
11.37999999999997,-0.07611164090475286,0.2668470022612956,0.38525662138789735
11.39999999999997,-0.07057934690349492,0.28616975827485874,0.3422735529643451
11.41999999999997,-0.06468212678844856,0.30333123686462177,0.29389262614623485
11.43999999999997,-0.058464754515011055,0.31817830675028386,0.2408768370508592
11.459999999999969,-0.05197481036715148,0.3305835191198479,0.18406227634234423
11.479999999999968,-0.04526214991924627,0.34044682642326934,0.1243449435824229
11.499999999999968,-0.038378342477920456,0.34769691496083693,0.06266661678215141
11.519999999999968,-0.031376086947884664,0.352292129590552,3.1847006584197066e-15
11.539999999999967,-0.024308613435516324,0.35422097527402335,-0.06266661678215213
11.559999999999967,-0.017229079142487363,0.35350218689753843,-0.12434494358243049
11.579999999999966,-0.01018996720390138,0.35018436571780465,-0.18406227634233832
11.599999999999966,-0.0032424970885929607,0.34434518775630846,-0.24087683705085358
11.619999999999965,0.0035639449972736043,0.33609019636854154,-0.2938926261462354
11.639999999999965,0.010182347568483732,0.3255511978782682,-0.34227355296434564
11.659999999999965,0.016568579500715115,0.3128842855723596,-0.38525662138789324
11.666666666666668,0.016568579500715115,0.3128842855723596,-0.4221639627510081
11.686666666666667,0.022674498201072257,0.29753353493572926,-0.45241352623300857
11.706666666666667,0.028457170471677732,0.28057292024985675,-0.4755282581475769
11.726666666666667,0.03388663550959716,0.2622266963891065,-0.491143625364345
11.746666666666666,0.03893752356739007,0.24272954418181839,-0.4990133642141358
11.766666666666666,0.04358923062191727,0.22232318564745998,-0.49901336421413606
11.786666666666665,0.0478260246361977,0.20125293052187215,-0.4911436253643445
11.806666666666665,0.05163708257088749,0.17976420704719925,-0.47552825814757615
11.826666666666664,0.05501645836067973,0.15809912988786826,-0.4524135262330105
11.846666666666664,0.0579629831192008,0.1364931571096904,-0.4221639627510068
11.866666666666664,0.060480099857943274,0.11517188645730414,-0.38525662138789624
11.886666666666663,0.0625756359852729,0.09434803872496436,-0.34227355296434386
11.906666666666663,0.06426151777627113,0.07421867288272209,-0.2938926261462392
11.926666666666662,0.06555343185979057,0.05496267384552045,-0.2408768370508577
11.946666666666662,0.06647043954334421,0.036738549413062094,-0.18406227634234265
11.966666666666661,0.06703455047824114,0.019682568025048686,-0.12434494358242812
11.986666666666661,0.06727026274691819,0.003907263636527714,-0.0626666167821497
12.00666666666666,0.06720407692442083,-0.01049967170731328,-1.4695761589768238e-15
12.02666666666666,0.06686399200941073,-0.023476093036678348,0.06266661678214679
12.04666666666666,0.066278991372363,-0.0349856970841954,0.12434494358243216
12.06666666666666,0.06547852693094774,-0.04501790442770855,0.18406227634233993
12.086666666666659,0.06449200977659196,-0.05358733367258392,0.24087683705085508
12.106666666666658,0.06334831529838021,-0.06073287853001798,0.2938926261462368
12.126666666666658,0.06207531057902065,-0.06651640486002652,0.34227355296434686
12.146666666666658,0.060699411435455895,-0.07102109069200599,0.38525662138789435
12.166666666666657,0.05924517596029635,-0.07434943782732274,0.4221639627510052
12.186666666666657,0.0577349407964454,-0.07662098877380832,0.4524135262330093
12.206666666666656,0.056188505655856626,-0.07796978737564837,0.47552825814757743
12.226666666666656,0.054622870785725516,-0.07854162550673899,0.49114362536434397
12.246666666666655,0.053052031204429646,-0.07849112152408715,0.4990133642141359
12.266666666666655,0.05148683058927608,-0.07797867877472084,0.49901336421413595
12.286666666666655,0.049934876713661897,-0.07716737427189296,0.49114362536434425
12.306666666666654,0.04840051931839901,-0.07621982867442734,0.4755282581475756
12.326666666666654,0.04688489027695013,-0.07529510890083635,0.4524135262330098
12.346666666666653,0.0453860048936046,-0.07454571408504028,0.42216396275100965
12.366666666666653,0.04389892217353533,-0.07411469414441156,0.3852566213878951
12.386666666666653,0.042415960940208434,-0.0741329480079062,0.3422735529643426
12.406666666666652,0.04092696776413665,-0.07471674557929285,0.2938926261462378
12.426666666666652,0.03941963182198658,-0.07596551383688484,0.24087683705085616
12.446666666666651,0.03787984103998893,-0.07795992315663659,0.18406227634234107
12.46666666666665,0.03629207320258378,-0.0807603050598523,0.12434494358242647
12.48666666666665,0.03463981513689474,-0.08440542720871491,0.06266661678215504
12.50666666666665,0.03290600262495693,-0.08891164568847879,-2.45548340466059e-16
12.52666666666665,0.03107347335582672,-0.09427244851664407,-0.0626666167821485
12.546666666666649,0.029125425014094507,-0.10045839800341236,-0.12434494358242694
12.566666666666649,0.027045870513254987,-0.10741747315385443,-0.1840622763423415
12.586666666666648,0.024820082423209655,-0.11507580685146801,-0.2408768370508566
12.606666666666648,0.02243501881020952,-0.12333880619594308,-0.29389262614623246
12.626666666666647,0.01987972300212184,-0.13209263818400946,-0.342273552964343
12.646666666666647,0.01714569020740192,-0.1412060570171362,-0.38525662138789546
12.666666666666647,0.014227194446074594,-0.15053254378509517,-0.42216396275100615
12.686666666666646,0.011121569887110236,-0.1599127241959567,-0.45241352623301
12.706666666666646,0.007829441418893574,-0.16917702548034197,-0.47552825814757793
12.726666666666645,0.0043549000965947895,-0.17814852966259526,-0.4911436253643443
12.746666666666645,0.0007056199993717119,-0.18664597712745534,-0.4990133642141355
12.766666666666644,-0.0031070860221238117,-0.19448687187581956,-0.49901336421413583
12.786666666666644,-0.007068273239972555,-0.20149063806746384,-0.4911436253643439
12.806666666666644,-0.011159435090857353,-0.20748177656101038,-0.47552825814757727
12.826666666666643,-0.015358635857333179,-0.21229296988675192,-0.45241352623300907
12.846666666666643,-0.01964070444207075,-0.21576808490866256,-0.42216396275100876
12.866666666666642,-0.023977486696654428,-0.2177650238693187,-0.38525662138789857
12.886666666666642,-0.02833815280061494,-0.21815837686120892,-0.34227355296434137
12.906666666666641,-0.03268955527830647,-0.21684183186099631,-0.2938926261462364
12.926666666666641,-0.03699663240192659,-0.21373030228454296,-0.24087683705086088
12.94666666666664,-0.04122285097275246,-0.20876173650313887,-0.18406227634233946
12.96666666666664,-0.04533068181200017,-0.20189857882911622,-0.1243449435824248
12.98666666666664,-0.04928210073843389,-0.1931288570438267,-0.06266661678215335
13.00666666666664,-0.053039107370925515,-0.18246687750507662,1.9606728399089416e-15
13.026666666666639,-0.056564253777530896,-0.16995351512954146,0.06266661678215019
13.046666666666638,-0.05982117480309518,-0.15565609198894734,0.1243449435824286
13.066666666666638,-0.06277511184750906,-0.1396678447758877,0.1840622763423365
13.086666666666638,-0.06539342193688195,-0.12210698787641268,0.2408768370508581
13.106666666666637,-0.06764606412829519,-0.10311538512637698,0.29389262614623385
13.126666666666637,-0.06950605561161673,-0.08285684942775932,0.3422735529643442
13.146666666666636,-0.07094989031336338,-0.0615150951686699,0.3852566213878965
13.166666666666636,-0.07195791336032387,-0.03929137374481565,0.42216396275100704
13.186666666666635,-0.07251464541560958,-0.016401827348929872,0.45241352623300773
13.206666666666635,-0.07260905164664577,0.006925399483846809,0.47552825814757627
13.226666666666635,-0.07223475091370118,0.030453247367626526,0.49114362536434464
13.246666666666634,-0.07139016164998581,0.05393898229098651,0.4990133642141356
13.266666666666634,-0.07007858189294262,0.07713753992822125,0.4990133642141357
13.286666666666633,-0.06830820185261571,0.09980492361090611,0.4911436253643436
13.306666666666633,-0.0660920484851515,0.12170160466354218,0.47552825814757677
13.326666666666632,-0.06344786252942153,0.14259587354664136,0.45241352623301134
13.333333333333334,-0.06344786252942153,0.14259587354664136,0.45241352623301134
13.353333333333333,-0.06039790950340547,0.16226709081703666,0.42216396275100787
13.373333333333333,-0.056968727162078285,0.1805087882246808,0.38525662138789746
13.393333333333333,-0.05319081289172359,0.19713157233422657,0.34227355296434525
13.413333333333332,-0.04909825543997265,0.21196578587139095,0.293892626146235
13.433333333333332,-0.044728316241844354,0.2248638855227983,0.24087683705085938
13.453333333333331,-0.04012096638567072,0.23570249912539645,0.18406227634234448
13.473333333333331,-0.03531838595597083,0.24438413001566528,0.12434494358242314
13.49333333333333,-0.03036443308119915,0.250838481703426,0.06266661678215164
13.51333333333333,-0.02530409049242478,0.25502338190966156,3.4296300182491773e-15
13.53333333333333,-0.02018289775572093,0.2569252912686357,-0.0626666167821519
13.55333333333333,-0.015046377569675886,0.256559388536456,-0.12434494358243026
13.573333333333329,-0.009939464615494806,0.25396923085663836,-0.1840622763423381
13.593333333333328,-0.004905945408514611,0.24922599438780146,-0.2408768370508534
13.613333333333328,1.2082573092052178e-05,0.24242730727645023,-0.29389262614623524
13.633333333333328,0.004774724512107024,0.2336956934394514,-0.3422735529643455
13.653333333333327,0.009344767084085102,0.22317665176942725,-0.3852566213878931
13.673333333333327,0.013688115518911595,0.21103640116409086,-0.422163962751008
13.693333333333326,0.01777418254747581,0.19745932691968504,-0.45241352623300846
13.713333333333326,0.02157622367312815,0.18264516872223022,-0.4755282581475768
13.733333333333325,0.025071614035883424,0.16680599435803556,-0.49114362536434497
13.753333333333325,0.02824206305762886,0.15016300648665584,-0.4990133642141357
13.773333333333325,0.031073764027432654,0.13294323225077587,-0.49901336421413606
13.793333333333324,0.03355747679828449,0.1153761471336952,-0.4911436253643446
13.813333333333324,0.03568854280342861,0.0976902853011974,-0.4755282581475762
13.833333333333323,0.0374668326456625,0.08010988868011237,-0.4524135262330106
13.853333333333323,0.038896627550461325,0.06285164624117906,-0.4221639627510069
13.873333333333322,0.039986436987747044,0.04612157338901063,-0.3852566213878964
13.893333333333322,0.04074875574224192,0.03011207904607557,-0.34227355296434403
13.913333333333322,0.041199764633982665,0.014999264987968792,-0.2938926261462394
13.933333333333321,0.0413589799449041,0.0009404982891685412,-0.24087683705085788
13.95333333333332,0.04124885738228392,-0.011927706575771057,-0.18406227634234287
13.97333333333332,0.04089435708734855,-0.0234914642916396,-0.12434494358242835
13.99333333333332,0.04032247679208355,-0.0336609276102162,-0.06266661678214995
14.01333333333332,0.03956176067181422,-0.04237130802373549,-1.7145055188062944e-15
14.033333333333319,0.038641791816127424,-0.04958349373730702,0.06266661678214654
14.053333333333319,0.03759267645233543,-0.05528425677412644,0.12434494358243192
14.073333333333318,0.03644452815924317,-0.05948604750847101,0.18406227634233968
14.093333333333318,0.03522696027738442,-0.06222638141208928,0.2408768370508549
14.113333333333317,0.03396859456180321,-0.06356682922392265,0.2938926261462366
14.133333333333317,0.03269659383654482,-0.06359162800671765,0.3422735529643467
14.153333333333316,0.03143622600072083,-0.06240593653508171,0.3852566213878942
14.173333333333316,0.030210466210760782,-0.06013376406990671,0.4221639627510051
14.193333333333316,0.029039643430596267,-0.05691560672179771,0.4524135262330092
14.213333333333315,0.027941136811142686,-0.052905830207037034,0.4755282581475773
14.233333333333315,0.026929126544238995,-0.04826984177901192,0.49114362536434397
14.253333333333314,0.026014402947252397,-0.043181097412055953,0.49901336421413583
14.273333333333314,0.025204236587088806,-0.03781799287118298,0.49901336421413595
14.293333333333313,0.024502311261524762,-0.03236068908052881,0.49114362536434425
14.313333333333313,0.02390872063741151,-0.02698792317856448,0.47552825814757566
14.333333333333313,0.0234200283156242,-0.021873856805355578,0.4524135262330099
14.353333333333312,0.023029390068015066,-0.01718501250527583,0.4221639627510098
14.373333333333312,0.022726735988348335,-0.013077347659342653,0.3852566213878953
14.393333333333311,0.02249900933315654,-0.009693513108882801,0.34227355296434275
14.413333333333311,0.022330457914969345,-0.007160340632784386,0.293892626146238
14.43333333333331,0.02220297306389191,-0.005586599741947528,0.24087683705085638
14.45333333333331,0.02209647040745061,-0.005061059915457275,0.1840622763423413
14.47333333333331,0.021989306045101777,-0.005650889492379225,0.1243449435824267
14.49333333333331,0.02185872112346667,-0.007400417029029544,0.0626666167821553
14.513333333333309,0.021681307360222262,-0.010330275120202192,-6.189806365883577e-19
14.533333333333308,0.021433485725862327,-0.014436940556909403,-0.06266661678214824
14.553333333333308,0.02109199027856049,-0.019692678350497747,-0.1243449435824267
14.573333333333307,0.020634349061438705,-0.026045890694706312,-0.1840622763423413
14.593333333333307,0.02003935401495474,-0.03342186546599888,-0.24087683705085638
14.613333333333307,0.019287512029102054,-0.04172391248073238,-0.29389262614623224
14.633333333333306,0.018361469557869166,-0.050834869535730146,-0.34227355296434275
14.653333333333306,0.01724640363716663,-0.06061895435323489,-0.3852566213878953
14.673333333333305,0.015930372680551124,-0.07092393302346763,-0.422163962751006
14.693333333333305,0.014404621066146095,-0.081583570473136,-0.4524135262330099
14.713333333333305,0.012663832263139385,-0.09242032396378255,-0.4755282581475779
14.733333333333304,0.010706326065625067,-0.10324823670911419,-0.49114362536434425
14.753333333333304,0.008534196392548273,-0.11387598545572027,-0.4990133642141355
14.773333333333303,0.006153387061197381,-0.12411003334763807,-0.49901336421413583
14.793333333333303,0.003573703933241178,-0.13375783763278962,-0.49114362536434397
14.813333333333302,0.0008087628511951168,-0.14263106079854188,-0.4755282581475773
14.833333333333302,-0.0021241261861949315,-0.1505487335664122,-0.4524135262330092
14.853333333333302,-0.0052041371388919025,-0.15734031881396526,-0.4221639627510089
14.873333333333301,-0.008407165847178297,-0.16284862702247166,-0.38525662138789873
14.8933333333333,-0.01170612432502221,-0.1669325360160347,-0.34227355296434153
14.9133333333333,-0.015071287061208666,-0.169469470886846,-0.2938926261462366
14.9333333333333,-0.01847068412803405,-0.17035760369195657,-0.2408768370508611
14.9533333333333,-0.021870535130087663,-0.16951773693800193,-0.18406227634233968
14.973333333333299,-0.025235717356242426,-0.16689483987001075,-0.12434494358242504
14.993333333333299,-0.028530260933295356,-0.1624592120915787,-0.06266661678215359
15.0,-0.028530260933295356,-0.1624592120915787,-0.20073580984422001
15.02,-0.031745376363473014,-0.15895308209095887,-0.20073580984422001
15.04,-0.03488448227557345,-0.1548617306714397,-0.20073580984422001
15.059999999999999,-0.037936089321498265,-0.15020700513136218,-0.20073580984422001
15.079999999999998,-0.04088916508918256,-0.14501273324443087,-0.20073580984422001
15.099999999999998,-0.04373317257851772,-0.1393046088348817,-0.20073580984422001
15.119999999999997,-0.046458106326708944,-0.13311007124207894,-0.20073580984422001
15.139999999999997,-0.04905452606668564,-0.12645817925995212,-0.20073580984422001
15.159999999999997,-0.05151358781402418,-0.11937948014930143,-0.20073580984422001
15.179999999999996,-0.05382707228989497,-0.11190587432950654,-0.20073580984422001
15.199999999999996,-0.05598741059972852,-0.10407047636076261,-0.20073580984422001
15.219999999999995,-0.05798770709953304,-0.0959074728289016,0.7211428902558659
15.239999999999995,-0.05963805664266506,-0.06911825969867386,0.7211428902558659
15.259999999999994,-0.06075241941477268,-0.042326300843625236,0.7211428902558659
15.279999999999994,-0.061331786868732314,-0.01563602310456252,0.7211428902558659
15.299999999999994,-0.06137922512157668,0.010849597753858794,0.7211428902558659
15.319999999999993,-0.06089984214386527,0.03702941385056085,0.7211428902558659
15.339999999999993,-0.05990074752436968,0.06280447108361534,0.7211428902558659
15.359999999999992,-0.05839100503828728,0.08807836342714367,0.7211428902558659
15.379999999999992,-0.05638157823819139,0.11275757490032833,0.7211428902558659
15.399999999999991,-0.05388526934324013,0.13675180852804647,0.7211428902558659
15.419999999999991,-0.0509166516835552,0.15997430153294248,0.37119030689824817
15.43999999999999,-0.04756173101723345,0.17538250153883594,0.37119030689824817
15.45999999999999,-0.04390693305410711,0.18995361194373472,0.37119030689824817
15.47999999999999,-0.03996949203023135,0.2036390291985523,0.37119030689824817
15.49999999999999,-0.035767575295050084,0.21639407030112878,0.37119030689824817
15.519999999999989,-0.031320203466773895,0.22817811346538747,0.37119030689824817
15.539999999999988,-0.0266471679383262,0.23895472229675277,0.37119030689824817
15.559999999999988,-0.021768946069498737,0.24869175290507378,0.37119030689824817
15.579999999999988,-0.016706614411821523,0.257361443439349,0.37119030689824817
15.599999999999987,-0.011481760322337144,0.264940485593472,0.37119030689824817
15.619999999999987,-0.0061163923307380064,0.2714100777087948,0.15785357471525857
15.639999999999986,-0.000675361213425262,0.27251326326416986,0.15785357471525857
15.659999999999986,0.004776973012719814,0.2725418095848239,0.15785357471525857
15.679999999999986,0.010219216623209404,0.2715063099879264,0.15785357471525857
15.699999999999985,0.01563022870227676,0.26942143674845004,0.15785357471525857
15.719999999999985,0.020989201755134437,0.26630584184982475,0.15785357471525857
15.739999999999984,0.026275740178757032,0.26218204205754947,0.15785357471525857
15.759999999999984,0.031469936282663986,0.25707628899864626,0.15785357471525857
15.779999999999983,0.036552443567940296,0.2510184250450857,0.15785357471525857
15.799999999999983,0.04150454698916687,0.24404172587240988,0.15785357471525857
15.819999999999983,0.046308229942040674,0.23618273063134482,-0.5503701752921016
15.839999999999982,0.0508051100302315,0.2133963767878632,-0.5503701752921016
15.859999999999982,0.05484005055269633,0.1900048998103096,-0.5503701752921016
15.879999999999981,0.058401920728770984,0.16610566151181325,-0.5503701752921016
15.89999999999998,0.06148154730977716,0.14179698733714338,-0.5503701752921016
15.91999999999998,0.06407172990753643,0.11717777261020967,-0.5503701752921016
15.93999999999998,0.06616724849157649,0.09234709336010123,-0.5503701752921016
15.95999999999998,0.06776486315840648,0.06740382288410215,-0.5503701752921016
15.979999999999979,0.06886330629812763,0.04244625508082697,-0.5503701752921016
15.999999999999979,0.06946326730319656,0.01757173547850448,-0.5503701752921016
16.01999999999998,0.06956736998173746,-0.007123699205371068,-0.5504087674620758
16.039999999999978,0.06918013516543373,-0.03154643970395672,-0.5504087674620758
16.059999999999977,0.0683079518966961,-0.05560333219837027,-0.5504087674620758
16.079999999999977,0.06695904176338588,-0.07920432963935276,-0.5504087674620758
16.099999999999977,0.06514340130854247,-0.10226203555123821,-0.5504087674620758
16.119999999999976,0.06287274593070627,-0.12469201097141923,-0.5504087674620758
16.139999999999976,0.06016044777032433,-0.14641306859007777,-0.5504087674620758
16.159999999999975,0.057021467847478954,-0.16734755335182636,-0.5504087674620758
16.179999999999975,0.05347228272940523,-0.18742160874256655,-0.5504087674620758
16.199999999999974,0.04953080602217544,-0.2065654279471122,-0.5504087674620758
16.219999999999974,0.045216304997579414,-0.22471348902763505,-0.7070662205308809
16.239999999999974,0.04051809556438682,-0.24492027195881713,-0.7070662205308809
16.259999999999973,0.03542720355603654,-0.2639708112154099,-0.7070662205308809
16.279999999999973,0.0299673925305945,-0.28180211700586677,-0.7070662205308809
16.299999999999972,0.02416363245571641,-0.2983565707649596,-0.7070662205308809
16.319999999999972,0.018041990400396536,-0.3135821098702349,-0.7070662205308809
16.33999999999997,0.011629517755259815,-0.327432389897221,-0.7070662205308809
16.35999999999997,0.004954134440881331,-0.3398669233974687,-0.7070662205308809
16.37999999999997,-0.001955489416757504,-0.35085119425750283,-0.7070662205308809
16.39999999999997,-0.00907005384639116,-0.3603567468052927,-0.7070662205308809
16.41999999999997,-0.01635975091664098,-0.36836124891428534,0.5858818332398963
16.43999999999997,-0.02353674200976579,-0.3491352525936674,0.5858818332398963
16.45999999999997,-0.03031735317466856,-0.3287382042285837,0.5858818332398963
16.47999999999997,-0.03667907226314852,-0.3072615794443624,0.5858818332398963
16.499999999999968,-0.04260125042519839,-0.28480016243639916,0.5858818332398963
16.519999999999968,-0.048065164061771685,-0.26145162324848376,0.5858818332398963
16.539999999999967,-0.05305406827921696,-0.23731609103546886,0.5858818332398963
16.559999999999967,-0.057553241786952626,-0.21249572546987283,0.5858818332398963
16.579999999999966,-0.061550023221357816,-0.18709428827101618,0.5858818332398963
16.599999999999966,-0.06503383891654177,-0.16121671664601817,0.5858818332398963
16.619999999999965,-0.06799622217653298,-0.13496870024160695,0.1617840187891341
16.639999999999965,-0.07051533411567205,-0.11689044554663974,0.1617840187891341
16.659999999999965,-0.07267000505670894,-0.09853696018741219,0.1617840187891341
16.666666666666668,-0.07267000505670894,-0.09853696018741219,0.1617840187891341
16.686666666666667,-0.07445547269159543,-0.07998250104165919,0.1617840187891341
16.706666666666667,-0.07586846047100647,-0.06130133923145058,0.1617840187891341
16.726666666666667,-0.07690717503103733,-0.042567475040459574,0.1617840187891341
16.746666666666666,-0.07757129796517669,-0.023854357660346524,0.1617840187891341
16.766666666666666,-0.07786197204612824,-0.005234610556873506,0.1617840187891341
16.786666666666665,-0.07778178201882588,0.01322023680224888,0.1617840187891341
16.806666666666665,-0.07733473009034598,0.03144001014124496,0.3329161244736728
16.826666666666664,-0.07649210478169646,0.05275950939034155,0.3329161244736728
16.846666666666664,-0.07522713332120255,0.07366154711978748,0.3329161244736728
16.866666666666664,-0.07354894136354176,0.09406890334033109,0.3329161244736728
16.886666666666663,-0.071468172726603,0.11390702584512771,0.3329161244736728
16.906666666666663,-0.06899693342778637,0.13310428901953583,0.3329161244736728
16.926666666666662,-0.06614873066612793,0.15159224033343988,0.3329161244736728
16.946666666666662,-0.06293840700358035,0.1693058338150039,0.3329161244736728
16.96666666666666,-0.059382070012978225,0.18618364978732765,0.3329161244736728
16.98666666666666,-0.05549701767474462,0.20216810013437117,0.3329161244736728
17.00666666666666,-0.05130165981917832,0.217205618352559,-0.7670648091267162
17.02666666666666,-0.047034629066128826,0.20937114403627666,-0.7670648091267162
17.04666666666666,-0.04293173695898534,0.2007983192692373,-0.7670648091267162
17.06666666666666,-0.039007348314438056,0.19152777020075779,-0.7670648091267162
17.08666666666666,-0.035274991638343384,0.18160247014807895,-0.7670648091267162
17.10666666666666,-0.031747314104158854,0.17106754620985054,-0.7670648091267162
17.126666666666658,-0.0284360404683194,0.15997007911984154,-0.7670648091267162
17.146666666666658,-0.025351936048043457,0.14835889731267116,-0.7670648091267162
17.166666666666657,-0.02250477386758193,0.136284366176032,-0.7670648091267162
17.186666666666657,-0.01990330605946743,0.12379817345938034,-0.7670648091267162
17.206666666666656,-0.017555239588020185,0.1109531117982372,0.7518557634591909
17.226666666666656,-0.015164541228696912,0.12801012166156336,0.7518557634591909
17.246666666666655,-0.012439297486970598,0.144397823401878,0.7518557634591909
17.266666666666655,-0.009393473220589948,0.16005889913282018,0.7518557634591909
17.286666666666655,-0.0060421459134085455,0.17493943530350395,0.7518557634591909
17.306666666666654,-0.0024014357671012375,0.1889891023927507,0.7518557634591909
17.326666666666654,0.001511567651032566,0.20216131949800925,0.7518557634591909
17.346666666666653,0.005678881895044853,0.21441340318882712,0.7518557634591909
17.366666666666653,0.0100817109451404,0.2257067000019996,0.7518557634591909
17.386666666666653,0.014700526987979048,0.2360067020833058,0.7518557634591909
17.406666666666652,0.01951515434302064,0.24528314539677662,0.5319082252806748
17.42666666666665,0.024461026251785856,0.2491359222202095,0.5319082252806748
17.44666666666665,0.029473853924748467,0.2519782370679608,0.5319082252806748
17.46666666666665,0.034533412411961145,0.2538091864156127,0.5319082252806748
17.48666666666665,0.03961949860474614,0.25463185040519665,0.5319082252806748
17.50666666666665,0.044712010404816004,0.2544532397542345,0.5319082252806748
17.52666666666665,0.0497910246726964,0.2532842268465019,0.5319082252806748
17.54666666666665,0.05483687364357097,0.2511394614684177,0.5319082252806748
17.56666666666665,0.05983021950885244,0.2480372717448015,0.5319082252806748
17.58666666666665,0.06475212687371389,0.2439995509121764,0.5319082252806748
17.606666666666648,0.06958413281436579,0.23905163064542764,-0.4602574229147582
17.626666666666647,0.07411060538714254,0.21349059127363218,-0.4602574229147582
17.646666666666647,0.07811991172798682,0.187352878803417,-0.4602574229147582
17.666666666666647,0.08160159390304911,0.1607461940527116,-0.4602574229147582
17.686666666666646,0.08454735544583872,0.133778911662205,-0.4602574229147582
17.706666666666646,0.0869510705776014,0.1065596555541049,-0.4602574229147582
17.726666666666645,0.08880878500454742,0.07919688133709427,-0.4602574229147582
17.746666666666645,0.0901187084410435,0.05179846665072654,-0.4602574229147582
17.766666666666644,0.0908811990262899,0.024471310301149168,-0.4602574229147582
17.786666666666644,0.09109873981785406,-0.002679059073953053,-0.4602574229147582
17.806666666666644,0.0907759075607373,-0.02954886416031012,-0.5090800524686391
17.826666666666643,0.0899096050410505,-0.057007403182770214,-0.5090800524686391
17.846666666666643,0.0884989109491508,-0.0839711114125091,-0.5090800524686391
17.866666666666642,0.08655472642805932,-0.11034005126610533,-0.5090800524686391
17.886666666666642,0.08408991932163132,-0.13601754693952325,-0.5090800524686391
17.90666666666664,0.08111925558270244,-0.1609105177369522,-0.5090800524686391
17.92666666666664,0.07765932415491202,-0.18492979725216105,-0.5090800524686391
17.94666666666664,0.07372845561875675,-0.2079904376279384,-0.5090800524686391
17.96666666666664,0.06934663490877191,-0.23001199803330477,-0.5090800524686391
17.98666666666664,0.06453540842680183,-0.2509188164129358,-0.5090800524686391
18.00666666666664,0.05931778589603386,-0.2706402634847661,-0.5065527842345059
18.02666666666664,0.05371864093029939,-0.28906071725315413,-0.5065527842345059
18.04666666666664,0.047764091230603954,-0.3061712561531549,-0.5065527842345059
18.066666666666638,0.04148088484485564,-0.32191786553051427,-0.5065527842345059
18.086666666666638,0.03489679194277554,-0.33625237444235034,-0.5065527842345059
18.106666666666637,0.028040486425800697,-0.3491326032493089,-0.5065527842345059
18.126666666666637,0.020941424828308502,-0.36052248672056014,-0.5065527842345059
18.146666666666636,0.013629723009805687,-0.37039217167978183,-0.5065527842345059
18.166666666666636,0.006136031155971492,-0.3787180883443805,-0.5065527842345059
18.186666666666635,-0.001508592378085474,-0.3854829946633303,-0.5065527842345059
18.206666666666635,-0.009272807836926016,-0.3906759931447278,-0.31321241126473964
18.226666666666635,-0.017086593980329544,-0.3904474976137242,-0.31321241126473964
18.246666666666634,-0.02488056324488841,-0.3886975233797783,-0.31321241126473964
18.266666666666634,-0.03262449855944869,-0.38544828650731333,-0.31321241126473964
18.286666666666633,-0.04028868459126969,-0.380727717503079,-0.31321241126473964
18.306666666666633,-0.04784402031955638,-0.3745692858717844,-0.31321241126473964
18.326666666666632,-0.05526212786975191,-0.36701180186359394,-0.31321241126473964
18.333333333333336,-0.05526212786975191,-0.36701180186359394,-0.31321241126473964
18.353333333333335,-0.06251545716661785,-0.3580991968598591,-0.31321241126473964
18.373333333333335,-0.06957738599461093,-0.34788028399439774,-0.31321241126473964
18.393333333333334,-0.07642231508729161,-0.33640850073092116,-0.31321241126473964
18.413333333333334,-0.08302575790290018,-0.3237416352109141,0.03961029061158055
18.433333333333334,-0.08929411776045941,-0.30292482250664077,0.03961029061158055
18.453333333333333,-0.09513627995835705,-0.2811374758837051,0.03961029061158055
18.473333333333333,-0.10053377902228092,-0.2584745423299013,0.03961029061158055
18.493333333333332,-0.10547007263987114,-0.23503332239987554,0.03961029061158055
18.513333333333332,-0.10993058461324125,-0.21091305841090094,0.03961029061158055
18.53333333333333,-0.11390273958583792,-0.18621452396341268,0.03961029061158055
18.55333333333333,-0.11737598958641933,-0.16103961638172895,0.03961029061158055
18.57333333333333,-0.12034183246286992,-0.13549095347414186,0.03961029061158055
18.59333333333333,-0.12279382230465045,-0.10967147582304478,0.03961029061158055
18.61333333333333,-0.12472757197511761,-0.08368405564065659,-0.10888797017261478
18.63333333333333,-0.1261703391990584,-0.060584360814376834,-0.10888797017261478
18.65333333333333,-0.12715091494583008,-0.037479916517119585,-0.10888797017261478
18.67333333333333,-0.12767010134001058,-0.014460253316044981,-0.10888797017261478
18.693333333333328,-0.12773047920236125,0.0083863428295343,-0.10888797017261478
18.713333333333328,-0.12733638000418465,0.030973144336402934,-0.10888797017261478
18.733333333333327,-0.12649385163423707,0.05321528675601887,-0.10888797017261478
18.753333333333327,-0.12521061817481563,0.07503006401793483,-0.10888797017261478
18.773333333333326,-0.12349603385904515,0.09633721359775052,-0.10888797017261478
18.793333333333326,-0.12136103143773691,0.1170591911032754,-0.10888797017261478
18.813333333333325,-0.11881806516337443,0.13712143370395996,-0.33403337568313296
18.833333333333325,-0.11592591341758039,0.15197505311807252,-0.33403337568313296
18.853333333333325,-0.11274397713820049,0.1660916676903289,-0.33403337568313296
18.873333333333324,-0.109287478388526,0.17942364573012684,-0.33403337568313296
18.893333333333324,-0.10557255746780488,0.19192681991808658,-0.33403337568313296
18.913333333333323,-0.10161620219360235,0.20356062806205188,-0.33403337568313296
18.933333333333323,-0.09743617450686501,0.21428823997664032,-0.33403337568313296
18.953333333333322,-0.09305093468279318,0.22407666993259462,-0.33403337568313296
18.973333333333322,-0.0884795634414401,0.2328968741499246,-0.33403337568313296
18.99333333333332,-0.08374168226211402,0.24072383284686868,-0.33403337568313296
19.01333333333332,-0.07885737221495016,0.2475366164053441,0.17896463155580716
19.03333333333332,-0.07374486649012518,0.2635206097368321,0.17896463155580716
19.05333333333332,-0.0683244477393533,0.2783197851519886,0.17896463155580716
19.07333333333332,-0.06262028325932611,0.2918879082495226,0.17896463155580716
19.09333333333332,-0.05665741301171218,0.3041839690906113,0.17896463155580716
19.11333333333332,-0.050461643874288156,0.31517230464143275,0.17896463155580716
19.13333333333332,-0.044059441657056275,0.3248226997011579,0.17896463155580716
19.153333333333318,-0.03747782132119154,0.3331104655757922,0.17896463155580716
19.173333333333318,-0.03074423585244048,0.3400164958633149,0.17896463155580716
19.193333333333317,-0.02388646425205787,0.34552729884148636,0.17896463155580716
19.213333333333317,-0.0169324991171237,0.3496350060942787,-0.5768098229567331
19.233333333333317,-0.010061037367438613,0.3373070278710835,-0.5768098229567331
19.253333333333316,-0.0034481777788646136,0.3237852212486803,-0.5768098229567331
19.273333333333316,0.002882842418212272,0.30913418273695276,-0.5768098229567331
19.293333333333315,0.008910116657759905,0.29342233025352144,-0.5768098229567331
19.313333333333315,0.014613142298495405,0.2767215844283896,-0.5768098229567331
19.333333333333314,0.019972887407288687,0.25910703954847203,-0.5768098229567331
19.353333333333314,0.024971850865308034,0.24065662602313648,-0.5768098229567331
19.373333333333314,0.02959411565991194,0.22145076625045507,-0.5768098229567331
19.393333333333313,0.03382539524139844,0.2015720256549486,-0.5768098229567331
19.413333333333313,0.037653072866501235,0.18110476060024283,-0.33256856234365095
19.433333333333312,0.041114903818614185,0.16499207152622924,-0.33256856234365095
19.453333333333312,0.04424953462526146,0.14839625705891551,-0.33256856234365095
19.47333333333331,0.04704799710209846,0.13138692320424541,-0.33256856234365095
19.49333333333331,0.04950272465333746,0.11403457529011317,-0.33256856234365095
19.51333333333331,0.05160756740989284,0.09641033332284564,-0.33256856234365095
19.53333333333331,0.05335780168924343,0.07858564897215409,-0.33256856234365095
19.55333333333331,0.05475013381955995,0.060632025172268345,-0.33256856234365095
19.57333333333331,0.05578269838980045,0.042620739267548696,-0.33256856234365095
19.59333333333331,0.05645505100548012,0.024622570575424673,-0.33256856234365095
19.61333333333331,0.0567681556467662,0.006707533189141426,-0.21382105073009328
19.633333333333308,0.05674802955609805,-0.008693812921405863,-0.21382105073009328
19.653333333333308,0.05642165092053045,-0.02390803411781269,-0.21382105073009328
19.673333333333307,0.05579333888149265,-0.038877702241178806,-0.21382105073009328
19.693333333333307,0.05486854628755203,-0.053546908871391186,-0.21382105073009328
19.713333333333306,0.0536538272831277,-0.06786146544574605,-0.21382105073009328
19.733333333333306,0.052156800979312995,-0.08176909511638897,-0.21382105073009328
19.753333333333305,0.05038611137418521,-0.09521961577016452,-0.21382105073009328
19.773333333333305,0.048351383705718794,-0.10816511365738003,-0.21382105073009328
19.793333333333305,0.04606317743053053,-0.12056010709161563,-0.21382105073009328
19.813333333333304,0.04353293603226981,-0.13236169970021355,-0.07028802525274251
19.833333333333304,0.040801535688897356,-0.14067523387216593,-0.07028802525274251
19.853333333333303,0.03791013624069416,-0.14835742407896904,-0.07028802525274251
19.873333333333303,0.03487160659531033,-0.15538452665553393,-0.07028802525274251
19.893333333333302,0.03169926276933138,-0.16173558470341337,-0.07028802525274251
19.913333333333302,0.02840681157132065,-0.16739248433812126,-0.07028802525274251
19.9333333333333,0.025008293275409575,-0.17233999935932703,-0.07028802525274251
19.9533333333333,0.021518023518482508,-0.17656582420149017,-0.07028802525274251
19.9733333333333,0.01795053465636325,-0.18006059507178945,-0.07028802525274251
19.9933333333333,0.014320516815757594,-0.182817899234187,-0.07028802525274251
